{"name":"declick","instructions":"# Récupère la pièce ! #\nVoici un robot, lorsque tu cliques sur le bouton exécuter il avance.\n\nSaurais-tu le programmer pour aller jusqu'à la pièce ?\n\nCréer un programme de 5 lignes de code.\n\nVoici les instructions disponibles : avancer()/descendre()/reculer()/monter()","init":"\ncarte = new Image ('cadre')\ncarte.définirPosition(0,40)\nrobot = new Robot\netoile = new Item\netoile.définirPosition(105,205)\nrobot.définirPosition(0,1)\nrobot.définirLongueurPas(50)\n\nfunction avancer() {\n  robot.avancer()\n}\n\nfunction descendre() {\n  robot.descendre()\n}\nfunction monter() {\n  robot.monter()\n}\nfunction reculer() {\n  robot.reculer()\n}\n","code":"avancer()","post":"","check":"//require robot\nif (robot.getX()>=4) {\n  return 'Tu es sorti de la grille'\n}\nif (robot.getY() === 0) {\n  return 'Tu es sorti de la grille'\n}\nif (robot.getY()>=5) {\n  return 'Tu es sorti de la grille'\n}\nif (robot.getX()!=2){\n  return 'Le robot n\\'est pas sur l\\'étoile'\n}\nif (robot.getY()!=4){\n  return 'Le robot n\\'est pas sur l\\'étoile'\n}\nif (code.length > 5) {\n  return 'Tu dois le faire avec 5 linges de codes.'\n}\nreturn true","title":"Récupère la pièce!","resources":{"cadre":["image","assets/quadrillage.png"]}}