<?xml version="1.0" encoding="utf-8" standalone="no"?>
<manifest identifier="com.H5PAuthor.LeparcourspourapprendreutiliserDeclick.46d17401-bb76-416b-8a24-4c1e5d9d442c" version="1" xmlns:adlcp="http://www.adlnet.org/xsd/adlcp_rootv1p2" xmlns="http://www.imsproject.org/xsd/imscp_rootv1p1p2" xmlns:xsi="http://www.w3.org/2001/XMLSchema-instance" xsi:schemaLocation="http://www.imsproject.org/xsd/imscp_rootv1p1p2 imscp_rootv1p1p2.xsd http://www.imsglobal.org/xsd/imsmd_rootv1p2p1 imsmd_rootv1p2p1.xsd http://www.adlnet.org/xsd/adlcp_rootv1p2 adlcp_rootv1p2.xsd">
  <metadata>
    <schema>ADL SCORM</schema>
    <schemaversion>1.2</schemaversion>
    <adlcp:location>metadata.xml</adlcp:location>
  </metadata>
  <organizations default="H5P_Author">
    <organization identifier="H5P_Author">
      <title>Le parcours pour apprendre à utiliser Declick</title>
      <item identifier="item_00" identifierref="resource_00">
        <title>Le parcours pour apprendre à utiliser Declick</title>
        <adlcp:masteryscore>100</adlcp:masteryscore>
        <metadata>
          <schema>ADL SCORM</schema>
          <schemaversion>1.2</schemaversion>
          <adlcp:location>metadata.xml</adlcp:location>
        </metadata>
      </item>
      <metadata>
        <schema>ADL SCORM</schema>
        <schemaversion>1.2</schemaversion>
        <adlcp:location>metadata.xml</adlcp:location>
      </metadata>
    </organization>
  </organizations>
  <resources>
    <metadata>
      <schema>ADL SCORM</schema>
      <schemaversion>1.2</schemaversion>
      <adlcp:location>metadata.xml</adlcp:location>
    </metadata>
    <resource identifier="resource_00" type="webcontent" href="index.html" adlcp:scormtype="sco">
      <metadata>
        <schema>ADL SCORM</schema>
        <schemaversion>1.2</schemaversion>
        <adlcp:location>metadata.xml</adlcp:location>
      </metadata>
      <file href="SCORM_API_wrapper.js"/>
      <file href="fonts/h5p-core-23.eot"/>
      <file href="fonts/h5p-core-23.svg"/>
      <file href="fonts/h5p-core-23.ttf"/>
      <file href="fonts/h5p-core-23.woff"/>
      <file href="frame.bundle.js"/>
      <file href="h5p-adaptor.js"/>
      <file href="index.html"/>
      <file href="main.bundle.js"/>
      <file href="styles/h5p-admin.css"/>
      <file href="styles/h5p-confirmation-dialog.css"/>
      <file href="styles/h5p-core-button.css"/>
      <file href="styles/h5p.css"/>
      <file href="workspace/FontAwesome-4.5/FontAwesome.otf"/>
      <file href="workspace/FontAwesome-4.5/fontawesome-webfont.eot"/>
      <file href="workspace/FontAwesome-4.5/fontawesome-webfont.svg"/>
      <file href="workspace/FontAwesome-4.5/fontawesome-webfont.ttf"/>
      <file href="workspace/FontAwesome-4.5/fontawesome-webfont.woff"/>
      <file href="workspace/FontAwesome-4.5/fontawesome-webfont.woff2"/>
      <file href="workspace/FontAwesome-4.5/h5p-font-awesome.min.css"/>
      <file href="workspace/FontAwesome-4.5/library.json"/>
      <file href="workspace/H5P.ImageHotspots-1.10/README.md"/>
      <file href="workspace/H5P.ImageHotspots-1.10/close.svg"/>
      <file href="workspace/H5P.ImageHotspots-1.10/icon.svg"/>
      <file href="workspace/H5P.ImageHotspots-1.10/language/af.json"/>
      <file href="workspace/H5P.ImageHotspots-1.10/language/ar.json"/>
      <file href="workspace/H5P.ImageHotspots-1.10/language/bg.json"/>
      <file href="workspace/H5P.ImageHotspots-1.10/language/bs.json"/>
      <file href="workspace/H5P.ImageHotspots-1.10/language/ca.json"/>
      <file href="workspace/H5P.ImageHotspots-1.10/language/cs.json"/>
      <file href="workspace/H5P.ImageHotspots-1.10/language/da.json"/>
      <file href="workspace/H5P.ImageHotspots-1.10/language/de.json"/>
      <file href="workspace/H5P.ImageHotspots-1.10/language/el.json"/>
      <file href="workspace/H5P.ImageHotspots-1.10/language/es-mx.json"/>
      <file href="workspace/H5P.ImageHotspots-1.10/language/es.json"/>
      <file href="workspace/H5P.ImageHotspots-1.10/language/et.json"/>
      <file href="workspace/H5P.ImageHotspots-1.10/language/eu.json"/>
      <file href="workspace/H5P.ImageHotspots-1.10/language/fa.json"/>
      <file href="workspace/H5P.ImageHotspots-1.10/language/fi.json"/>
      <file href="workspace/H5P.ImageHotspots-1.10/language/fr.json"/>
      <file href="workspace/H5P.ImageHotspots-1.10/language/ge.json"/>
      <file href="workspace/H5P.ImageHotspots-1.10/language/gl.json"/>
      <file href="workspace/H5P.ImageHotspots-1.10/language/he.json"/>
      <file href="workspace/H5P.ImageHotspots-1.10/language/hu.json"/>
      <file href="workspace/H5P.ImageHotspots-1.10/language/it.json"/>
      <file href="workspace/H5P.ImageHotspots-1.10/language/ja.json"/>
      <file href="workspace/H5P.ImageHotspots-1.10/language/ka.json"/>
      <file href="workspace/H5P.ImageHotspots-1.10/language/km.json"/>
      <file href="workspace/H5P.ImageHotspots-1.10/language/ko.json"/>
      <file href="workspace/H5P.ImageHotspots-1.10/language/lt.json"/>
      <file href="workspace/H5P.ImageHotspots-1.10/language/lv.json"/>
      <file href="workspace/H5P.ImageHotspots-1.10/language/mn.json"/>
      <file href="workspace/H5P.ImageHotspots-1.10/language/nb.json"/>
      <file href="workspace/H5P.ImageHotspots-1.10/language/nl.json"/>
      <file href="workspace/H5P.ImageHotspots-1.10/language/nn.json"/>
      <file href="workspace/H5P.ImageHotspots-1.10/language/pl.json"/>
      <file href="workspace/H5P.ImageHotspots-1.10/language/pt-br.json"/>
      <file href="workspace/H5P.ImageHotspots-1.10/language/pt.json"/>
      <file href="workspace/H5P.ImageHotspots-1.10/language/ro.json"/>
      <file href="workspace/H5P.ImageHotspots-1.10/language/ru.json"/>
      <file href="workspace/H5P.ImageHotspots-1.10/language/sl.json"/>
      <file href="workspace/H5P.ImageHotspots-1.10/language/sma.json"/>
      <file href="workspace/H5P.ImageHotspots-1.10/language/sme.json"/>
      <file href="workspace/H5P.ImageHotspots-1.10/language/smj.json"/>
      <file href="workspace/H5P.ImageHotspots-1.10/language/sr.json"/>
      <file href="workspace/H5P.ImageHotspots-1.10/language/sv.json"/>
      <file href="workspace/H5P.ImageHotspots-1.10/language/sw.json"/>
      <file href="workspace/H5P.ImageHotspots-1.10/language/tr.json"/>
      <file href="workspace/H5P.ImageHotspots-1.10/language/uk.json"/>
      <file href="workspace/H5P.ImageHotspots-1.10/language/vi.json"/>
      <file href="workspace/H5P.ImageHotspots-1.10/language/zh-hans.json"/>
      <file href="workspace/H5P.ImageHotspots-1.10/language/zh-hant.json"/>
      <file href="workspace/H5P.ImageHotspots-1.10/language/zh-tw.json"/>
      <file href="workspace/H5P.ImageHotspots-1.10/library.json"/>
      <file href="workspace/H5P.ImageHotspots-1.10/scripts/hotspot.js"/>
      <file href="workspace/H5P.ImageHotspots-1.10/scripts/image-hotspots.js"/>
      <file href="workspace/H5P.ImageHotspots-1.10/scripts/popup.js"/>
      <file href="workspace/H5P.ImageHotspots-1.10/semantics.json"/>
      <file href="workspace/H5P.ImageHotspots-1.10/styles/image-hotspots.css"/>
      <file href="workspace/H5P.ImageHotspots-1.10/upgrades.js"/>
      <file href="workspace/H5P.Text-1.1/language/af.json"/>
      <file href="workspace/H5P.Text-1.1/language/ar.json"/>
      <file href="workspace/H5P.Text-1.1/language/bg.json"/>
      <file href="workspace/H5P.Text-1.1/language/bs.json"/>
      <file href="workspace/H5P.Text-1.1/language/ca.json"/>
      <file href="workspace/H5P.Text-1.1/language/cs.json"/>
      <file href="workspace/H5P.Text-1.1/language/cy.json"/>
      <file href="workspace/H5P.Text-1.1/language/da.json"/>
      <file href="workspace/H5P.Text-1.1/language/de.json"/>
      <file href="workspace/H5P.Text-1.1/language/el.json"/>
      <file href="workspace/H5P.Text-1.1/language/es-mx.json"/>
      <file href="workspace/H5P.Text-1.1/language/es.json"/>
      <file href="workspace/H5P.Text-1.1/language/et.json"/>
      <file href="workspace/H5P.Text-1.1/language/eu.json"/>
      <file href="workspace/H5P.Text-1.1/language/fa.json"/>
      <file href="workspace/H5P.Text-1.1/language/fi.json"/>
      <file href="workspace/H5P.Text-1.1/language/fr.json"/>
      <file href="workspace/H5P.Text-1.1/language/gl.json"/>
      <file href="workspace/H5P.Text-1.1/language/he.json"/>
      <file href="workspace/H5P.Text-1.1/language/hu.json"/>
      <file href="workspace/H5P.Text-1.1/language/it.json"/>
      <file href="workspace/H5P.Text-1.1/language/ja.json"/>
      <file href="workspace/H5P.Text-1.1/language/ka.json"/>
      <file href="workspace/H5P.Text-1.1/language/km.json"/>
      <file href="workspace/H5P.Text-1.1/language/ko.json"/>
      <file href="workspace/H5P.Text-1.1/language/lt.json"/>
      <file href="workspace/H5P.Text-1.1/language/lv.json"/>
      <file href="workspace/H5P.Text-1.1/language/mn.json"/>
      <file href="workspace/H5P.Text-1.1/language/nb.json"/>
      <file href="workspace/H5P.Text-1.1/language/nl.json"/>
      <file href="workspace/H5P.Text-1.1/language/nn.json"/>
      <file href="workspace/H5P.Text-1.1/language/pl.json"/>
      <file href="workspace/H5P.Text-1.1/language/pt-br.json"/>
      <file href="workspace/H5P.Text-1.1/language/pt.json"/>
      <file href="workspace/H5P.Text-1.1/language/ro.json"/>
      <file href="workspace/H5P.Text-1.1/language/ru.json"/>
      <file href="workspace/H5P.Text-1.1/language/sl.json"/>
      <file href="workspace/H5P.Text-1.1/language/sma.json"/>
      <file href="workspace/H5P.Text-1.1/language/sme.json"/>
      <file href="workspace/H5P.Text-1.1/language/smj.json"/>
      <file href="workspace/H5P.Text-1.1/language/sr.json"/>
      <file href="workspace/H5P.Text-1.1/language/sv.json"/>
      <file href="workspace/H5P.Text-1.1/language/sw.json"/>
      <file href="workspace/H5P.Text-1.1/language/tr.json"/>
      <file href="workspace/H5P.Text-1.1/language/uk.json"/>
      <file href="workspace/H5P.Text-1.1/language/vi.json"/>
      <file href="workspace/H5P.Text-1.1/language/zh.json"/>
      <file href="workspace/H5P.Text-1.1/library.json"/>
      <file href="workspace/H5P.Text-1.1/scripts/text.js"/>
      <file href="workspace/H5P.Text-1.1/semantics.json"/>
      <file href="workspace/H5P.Text-1.1/styles/text.css"/>
      <file href="workspace/H5P.Transition-1.0/library.json"/>
      <file href="workspace/H5P.Transition-1.0/transition.js"/>
      <file href="workspace/H5PEditor.ColorSelector-1.3/README.md"/>
      <file href="workspace/H5PEditor.ColorSelector-1.3/library.json"/>
      <file href="workspace/H5PEditor.ColorSelector-1.3/scripts/color-selector.js"/>
      <file href="workspace/H5PEditor.ColorSelector-1.3/scripts/spectrum.js"/>
      <file href="workspace/H5PEditor.ColorSelector-1.3/styles/color-selector.css"/>
      <file href="workspace/H5PEditor.ColorSelector-1.3/styles/spectrum.css"/>
      <file href="workspace/H5PEditor.ImageCoordinateSelector-1.2/language/ar.json"/>
      <file href="workspace/H5PEditor.ImageCoordinateSelector-1.2/language/bg.json"/>
      <file href="workspace/H5PEditor.ImageCoordinateSelector-1.2/language/ca.json"/>
      <file href="workspace/H5PEditor.ImageCoordinateSelector-1.2/language/cs.json"/>
      <file href="workspace/H5PEditor.ImageCoordinateSelector-1.2/language/cy.json"/>
      <file href="workspace/H5PEditor.ImageCoordinateSelector-1.2/language/de.json"/>
      <file href="workspace/H5PEditor.ImageCoordinateSelector-1.2/language/el.json"/>
      <file href="workspace/H5PEditor.ImageCoordinateSelector-1.2/language/en.json"/>
      <file href="workspace/H5PEditor.ImageCoordinateSelector-1.2/language/es-mx.json"/>
      <file href="workspace/H5PEditor.ImageCoordinateSelector-1.2/language/es.json"/>
      <file href="workspace/H5PEditor.ImageCoordinateSelector-1.2/language/et.json"/>
      <file href="workspace/H5PEditor.ImageCoordinateSelector-1.2/language/eu.json"/>
      <file href="workspace/H5PEditor.ImageCoordinateSelector-1.2/language/fr.json"/>
      <file href="workspace/H5PEditor.ImageCoordinateSelector-1.2/language/gl.json"/>
      <file href="workspace/H5PEditor.ImageCoordinateSelector-1.2/language/it.json"/>
      <file href="workspace/H5PEditor.ImageCoordinateSelector-1.2/language/ka.json"/>
      <file href="workspace/H5PEditor.ImageCoordinateSelector-1.2/language/ko.json"/>
      <file href="workspace/H5PEditor.ImageCoordinateSelector-1.2/language/lt.json"/>
      <file href="workspace/H5PEditor.ImageCoordinateSelector-1.2/language/lv.json"/>
      <file href="workspace/H5PEditor.ImageCoordinateSelector-1.2/language/mn.json"/>
      <file href="workspace/H5PEditor.ImageCoordinateSelector-1.2/language/nb.json"/>
      <file href="workspace/H5PEditor.ImageCoordinateSelector-1.2/language/nl.json"/>
      <file href="workspace/H5PEditor.ImageCoordinateSelector-1.2/language/nn.json"/>
      <file href="workspace/H5PEditor.ImageCoordinateSelector-1.2/language/pt-br.json"/>
      <file href="workspace/H5PEditor.ImageCoordinateSelector-1.2/language/pt.json"/>
      <file href="workspace/H5PEditor.ImageCoordinateSelector-1.2/language/ru.json"/>
      <file href="workspace/H5PEditor.ImageCoordinateSelector-1.2/language/sl.json"/>
      <file href="workspace/H5PEditor.ImageCoordinateSelector-1.2/language/sma.json"/>
      <file href="workspace/H5PEditor.ImageCoordinateSelector-1.2/language/sme.json"/>
      <file href="workspace/H5PEditor.ImageCoordinateSelector-1.2/language/smj.json"/>
      <file href="workspace/H5PEditor.ImageCoordinateSelector-1.2/language/sv.json"/>
      <file href="workspace/H5PEditor.ImageCoordinateSelector-1.2/language/sw.json"/>
      <file href="workspace/H5PEditor.ImageCoordinateSelector-1.2/language/tr.json"/>
      <file href="workspace/H5PEditor.ImageCoordinateSelector-1.2/language/uk.json"/>
      <file href="workspace/H5PEditor.ImageCoordinateSelector-1.2/library.json"/>
      <file href="workspace/H5PEditor.ImageCoordinateSelector-1.2/scripts/image-coordinate-selector.js"/>
      <file href="workspace/H5PEditor.ImageCoordinateSelector-1.2/styles/image-coordinate-selector.css"/>
      <file href="workspace/H5PEditor.ShowWhen-1.0/h5p-show-when.css"/>
      <file href="workspace/H5PEditor.ShowWhen-1.0/h5p-show-when.js"/>
      <file href="workspace/H5PEditor.ShowWhen-1.0/library.json"/>
      <file href="workspace/content/content.json"/>
      <file href="workspace/content/images/iconImage-666acdf50f52f.png"/>
      <file href="workspace/content/images/image-666ac839dba47.png"/>
      <file href="workspace/h5p.json"/>
    </resource>
  </resources>
</manifest>