{"color":"#000000","hotspots":[{"header":"Bienvenu","position":{"x":18.4,"y":45.88807302908},"alwaysFullscreen":false,"content":[{"params":{"text":"<h3><strong>Bienvenu dans le nouveau parcours Declick.<\/strong><\/h3>\n\n<p>Dans ce parcours vous allez d\u00e9couvrir les bases de la programmation informatique gr\u00e2ce au langage de declick.<\/p>\n\n<p>Les objectifs :<\/p>\n\n<ol>\n\t<li>D\u00e9couvrez les \u00e9l\u00e9ments de bases d'un langage informatique par objets : les objets, les s\u00e9quences d'instructions, les boucles, les instructions conditionnelles, les variables<\/li>\n\t<li>D\u00e9couvrir les bases de l'algorithmique<\/li>\n<\/ol>\n\n<p>A la fin de ce parcours vous auriez d\u00e9velopp\u00e9 des connaissances et comp\u00e9tences de base (niveau 1) sur la programmation informatique par objets.<\/p>\n\n<p>Une fois compl\u00e9t\u00e9 ce parcours avec succ\u00e8s vous recevrez un badge qui reconnait et valorise les connaissances et comp\u00e9tences acquises<\/p>\n"},"library":"H5P.Text 1.1","metadata":{"contentType":"Text","license":"U","title":"Untitled Text"},"subContentId":"c59799f6-bc56-43a8-96b7-887c203790d9"}]},{"header":"Exercice 1 : cr\u00e9er un objet","position":{"x":46.567505720824,"y":31.616577799321},"alwaysFullscreen":false,"content":[{"params":{"text":"<p>L'excercice vous permet de comprendre qu'est-ce qu'un objet dans une langage informatique.<\/p>\n\n<p>&nbsp;<\/p>\n"},"library":"H5P.Text 1.1","subContentId":"42e93192-245f-4640-b876-955b21bf171c","metadata":{"contentType":"Text","license":"U","title":"Untitled Text"}}]},{"header":"Exercice 2 : d\u00e9placer un objet avec une s\u00e9quence d&#039;instructions","position":{"x":57.2,"y":48.191569429483},"alwaysFullscreen":false,"content":[{"params":{"text":"<p>Dans cet exercice vous travaillerez l'instruction Bla bla<\/p>\n"},"library":"H5P.Text 1.1","metadata":{"contentType":"Text","license":"U","title":"Untitled Text"},"subContentId":"3b7bbfef-075e-4542-9666-c2e54148a824"}]},{"header":"Exercice 3 : utiliser les boucles","position":{"x":77.9176201373,"y":74.963645176927},"alwaysFullscreen":false,"content":[{"params":{"text":"<p>Dans cet exercice vous travaillerez l'instruction... XXXX<\/p>\n"},"library":"H5P.Text 1.1","subContentId":"ddf100c8-c098-488b-bc05-aa845e09e0a2","metadata":{"contentType":"Text","license":"U","title":"Untitled Text"}}]},{"position":{"x":91.189931350114,"y":49.89093553078},"alwaysFullscreen":false,"content":[{"params":{"text":"<p>Vous avez fini maintenant rdv sur la <a href=\"https:\/\/colombbus.gitlab.io\/declick-ide\/\" target=\"_blank\">plateforme pour cr\u00e9er votre jeu<\/a><\/p>\n"},"library":"H5P.Text 1.1","metadata":{"contentType":"Text","license":"U","title":"Untitled Text"},"subContentId":"dcdf812e-9891-4083-910e-43659b026ff1"}],"header":"Fini !"}],"hotspotNumberLabel":"Puce #num","closeButtonLabel":"Fermer","backgroundImageAltText":"A collection of different types of berries","iconType":"image","icon":"info","disableScaling":false,"image":{"path":"images\/image-666ac839dba47.png","mime":"image\/png","copyright":{"license":"CC BY","source":"http:\/\/upload.wikimedia.org\/wikipedia\/commons\/6\/61\/Summer_Fruits.jpg","title":"Summer_Fruits.jpg","author":"Angelo Juan Ramos","version":"4.0"},"width":3000,"height":868},"iconImage":{"path":"images\/iconImage-666acdf50f52f.png","mime":"image\/png","copyright":{"license":"U"},"width":75,"height":75}}