{"name":"declick","instructions":"La commande\n``\nbob = new Robot()\n``\na déjà été exécutée, le robot est donc sur l'écran.\n\nLa commande suivante sert à faire avancer le robot vers la droite :\n````\nbob.avancer()\n````\nÉcris-la dans la zone noire.","init":"bob = new Robot()","code":"","post":"","check":"if (!code.isLike('bob.avancer()')) {\n  return \"Tu dois faire avancer bob\"\n}\nreturn true","title":"En avant ...","resources":{"pen":["image","assets/pen.png"],"stairs":["image","assets/stairs.png"]}}