<?xml version="1.0" ?>
<manifest identifier="colombbus.declick.exercise" version="1" xmlns="http://www.imsproject.org/xsd/imscp_rootv1p1p2" xmlns:adlcp="http://www.adlnet.org/xsd/adlcp_rootv1p2" xmlns:xsi="http://www.w3.org/2001/XMLSchema-instance" xsi:schemaLocation="http://www.imsproject.org/xsd/imscp_rootv1p1p2 imscp_rootv1p1p2.xsd                              http://www.imsglobal.org/xsd/imsmd_rootv1p2p1 imsmd_rootv1p2p1.xsd                              http://www.adlnet.org/xsd/adlcp_rootv1p2 adlcp_rootv1p2.xsd"><metadata><schema>ADL SCORM</schema><schemaversion>1.2</schemaversion></metadata><organizations default="declick"><organization identifier="declick"><title>Declick - declick</title><item identifier="item1" identifierref="resource1" isvisible="true"><title>En avant ...</title></item></organization></organizations><resources><resource identifier="resource1" type="webcontent" adlcp:scormType="sco" href="exercise.html"><file href="dk.226a5cd3.png"></file><file href="exercise.9b96077b.css"></file><file href="exercise.d0803e66.css"></file><file href="exercise.ec586b99.css"></file><file href="exercise.f865c911.js"></file><file href="exercise.html"></file><file href="favicon.2140df80.ico"></file><file href="horizontal.4b87ebdd.png"></file><file href="icons.29e264ea.svg"></file><file href="icons.84d20bde.ttf"></file><file href="icons.942eebf6.eot"></file><file href="icons.dc43634d.woff"></file><file href="imsmanifest.xml"></file><file href="assets/pen.png"></file><file href="assets/stairs.png"></file></resource></resources></manifest>