{
  "title": "H5PEditor.ImageCoordinateSelector",
  "majorVersion": 1,
  "minorVersion": 2,
  "patchVersion": 7,
  "runnable": 0,
  "machineName": "H5PEditor.ImageCoordinateSelector",
  "coreApi": {
    "majorVersion": 1,
    "minorVersion": 12
  },
  "author": "Joubel",
  "preloadedJs": [
    {
      "path": "scripts/image-coordinate-selector.js"
    }
  ],
  "preloadedCss": [
    {
      "path": "styles/image-coordinate-selector.css"
    }
  ],
  "preloadedDependencies": [
    {
      "machineName": "FontAwesome",
      "majorVersion": 4,
      "minorVersion": 5
    }
  ]
}